geo_id,area_name,year,total_population,pop_25_plus,pop_25_less_9th,pop_25_hs_grad,pop_25_bach_plus,pop_25_34,pop_25_34_bach_plus,pop_45_64_bach_plus
Geography,Geographic Area Name,2013,Total!!Estimate!!Population 18 to 24 years,Total!!Estimate!!Population 25 years and over,Total!!Estimate!!Population 25 years and over!!Less than 9th grade,Total!!Estimate!!Population 25 years and over!!High school graduate (includes equivalency),Total!!Estimate!!Population 25 years and over!!Graduate or professional degree,Total!!Estimate!!Population 25 to 34 years!!High school graduate or higher,Total!!Estimate!!Population 35 to 44 years,Total!!Estimate!!Population 35 to 44 years!!Bachelor's degree or higher
0400000US36,New York,2013,1984974,13211060,6.8,27.1,14.3,88.4,2576903,37.1
0500000US36001,"Albany County, New York",2013,42125,203432,2.5,25.9,18.4,93.9,36022,40.9
0500000US36003,"Allegany County, New York",2013,7722,30571,3.5,40.5,9.5,88.2,5024,21.2
0500000US36005,"Bronx County, New York",2013,163111,866898,15.2,27.5,6.4,76.8,185015,19.4
0500000US36007,"Broome County, New York",2013,26640,132766,2.9,33.2,11.7,92.0,21508,28.7
0500000US36009,"Cattaraugus County, New York",2013,7634,53601,4.3,41.4,8.0,90.2,9187,20.7
0500000US36011,"Cayuga County, New York",2013,7086,55715,3.1,35.2,7.8,83.8,9878,21.6
0500000US36013,"Chautauqua County, New York",2013,15066,90209,4.1,35.0,9.3,89.2,15236,23.9
0500000US36015,"Chemung County, New York",2013,8255,60947,2.2,36.0,9.8,87.4,11046,22.8
0500000US36017,"Chenango County, New York",2013,3903,35099,3.4,39.9,7.5,88.9,5952,19.8
0500000US36019,"Clinton County, New York",2013,10843,55487,5.7,36.1,9.9,87.6,10248,26.2
0500000US36021,"Columbia County, New York",2013,4931,45370,3.3,30.2,13.6,86.1,7466,29.4
0500000US36023,"Cortland County, New York",2013,8720,30386,2.6,35.5,9.8,93.1,5525,26.1
0500000US36025,"Delaware County, New York",2013,4895,33555,3.3,38.1,8.4,87.3,4920,20.8
0500000US36027,"Dutchess County, New York",2013,32968,200358,3.6,27.7,14.9,90.4,38300,36.0
0500000US36029,"Erie County, New York",2013,96288,627301,3.2,28.5,13.8,92.2,109308,35.6
0500000US36031,"Essex County, New York",2013,2992,28929,3.9,34.4,10.2,88.2,4823,22.1
0500000US36033,"Franklin County, New York",2013,5160,36057,6.0,37.7,7.8,83.3,6979,17.2
0500000US36035,"Fulton County, New York",2013,4425,38817,3.9,39.3,6.5,84.7,7007,16.3
0500000US36037,"Genesee County, New York",2013,5519,41424,2.9,36.9,8.1,92.0,7410,22.2
0500000US36039,"Greene County, New York",2013,4809,35041,4.3,37.5,8.9,82.2,6041,21.8
0500000US36041,"Hamilton County, New York",2013,263,3734,4.8,34.7,11.1,87.7,499,23.4
0500000US36043,"Herkimer County, New York",2013,5766,44667,3.5,35.5,8.4,92.3,7604,21.8
0500000US36045,"Jefferson County, New York",2013,14993,73193,2.6,34.9,8.1,92.5,14547,22.0
0500000US36047,"Kings County, New York",2013,259585,1680599,10.8,27.3,11.9,86.2,347909,35.1
0500000US36049,"Lewis County, New York",2013,2200,18365,3.7,46.6,5.8,90.0,3205,16.5
0500000US36051,"Livingston County, New York",2013,9767,42503,3.1,34.2,10.3,90.4,7935,28.7
0500000US36053,"Madison County, New York",2013,9947,47360,2.9,34.0,11.1,91.8,8310,26.1
0500000US36055,"Monroe County, New York",2013,83847,496679,3.4,25.0,15.8,91.3,90417,41.4
0500000US36057,"Montgomery County, New York",2013,4148,34278,5.6,36.6,6.1,83.6,6092,19.4
0500000US36059,"Nassau County, New York",2013,115947,920469,4.9,24.7,18.6,90.3,173229,47.4
0500000US36061,"New York County, New York",2013,169867,1198681,7.7,12.7,27.9,93.8,237744,63.1
0500000US36063,"Niagara County, New York",2013,20148,149792,2.7,35.9,9.2,93.3,26085,27.4
0500000US36065,"Oneida County, New York",2013,23457,160002,5.2,32.7,9.0,87.7,28198,23.3
0500000US36067,"Onondaga County, New York",2013,51547,310079,3.0,26.9,14.5,91.0,55884,36.3
0500000US36069,"Ontario County, New York",2013,10058,74457,2.6,28.5,13.3,92.3,13303,41.7
0500000US36071,"Orange County, New York",2013,37846,235732,4.3,29.3,11.9,85.9,50406,33.0
0500000US36073,"Orleans County, New York",2013,4005,29463,4.8,40.5,5.9,84.2,5420,15.4
0500000US36075,"Oswego County, New York",2013,14857,79391,3.5,40.8,7.3,89.4,14920,18.2
0500000US36077,"Otsego County, New York",2013,10611,40241,3.2,34.2,11.7,92.4,6459,26.9
0500000US36079,"Putnam County, New York",2013,7698,69086,3.2,26.1,16.8,93.7,13949,44.3
0500000US36081,"Queens County, New York",2013,214237,1576805,10.7,27.2,10.8,87.1,327631,33.8
0500000US36083,"Rensselaer County, New York",2013,18266,107932,3.1,29.9,12.4,92.0,19845,32.2
0500000US36085,"Richmond County, New York",2013,44327,317916,4.9,32.2,11.9,92.0,64440,33.5
0500000US36087,"Rockland County, New York",2013,28510,198598,5.9,23.9,17.9,84.7,37658,45.0
0500000US36089,"St. Lawrence County, New York",2013,16978,71537,4.6,36.6,10.1,88.3,13013,22.9
0500000US36091,"Saratoga County, New York",2013,18015,154093,1.9,26.2,15.4,95.1,31001,43.3
0500000US36093,"Schenectady County, New York",2013,14526,105317,3.3,31.0,13.1,92.0,19411,32.6
0500000US36095,"Schoharie County, New York",2013,3703,22346,3.2,37.7,8.6,93.1,3833,19.3
0500000US36097,"Schuyler County, New York",2013,1508,13170,2.7,39.2,8.2,94.8,2272,16.3
0500000US36099,"Seneca County, New York",2013,3261,24817,4.6,34.2,7.8,79.8,4291,22.1
0500000US36101,"Steuben County, New York",2013,7856,68295,3.8,36.0,9.7,91.0,11983,24.2
0500000US36103,"Suffolk County, New York",2013,133528,1011777,4.6,30.0,14.8,89.3,205634,36.5
0500000US36105,"Sullivan County, New York",2013,6605,53473,5.6,33.7,9.0,81.9,9694,20.5
0500000US36107,"Tioga County, New York",2013,3807,35344,2.0,36.7,10.3,93.0,5997,24.5
0500000US36109,"Tompkins County, New York",2013,27600,58238,1.6,20.1,28.6,94.2,10330,48.2
0500000US36111,"Ulster County, New York",2013,18433,127926,3.4,29.4,14.1,88.9,23400,31.7
0500000US36113,"Warren County, New York",2013,5118,47333,2.7,33.8,12.4,89.0,7890,33.7
0500000US36115,"Washington County, New York",2013,5445,44745,3.8,43.3,7.4,87.5,8450,17.7
0500000US36117,"Wayne County, New York",2013,7309,64240,3.5,36.1,7.6,87.9,11796,24.2
0500000US36119,"Westchester County, New York",2013,80091,649906,6.9,21.6,22.3,86.5,130984,50.2
0500000US36121,"Wyoming County, New York",2013,3414,30059,3.7,39.8,5.5,86.2,5840,15.3
0500000US36123,"Yates County, New York",2013,2788,16459,7.3,35.9,11.7,76.1,2500,17.2
Geography,Geographic Area Name,2014,Total!!Estimate!!Population 18 to 24 years,Total!!Estimate!!Population 25 years and over,Total!!Estimate!!Population 25 years and over!!Less than 9th grade,Total!!Estimate!!Population 25 years and over!!High school graduate (includes equivalency),Total!!Estimate!!Population 25 years and over!!Graduate or professional degree,Total!!Estimate!!Population 25 to 34 years!!High school graduate or higher,Total!!Estimate!!Population 35 to 44 years,Total!!Estimate!!Population 35 to 44 years!!Bachelor's degree or higher
0400000US36,New York,2014,1992364,13329734,6.8,26.9,14.6,88.8,2550605,37.8
0500000US36001,"Albany County, New York",2014,43146,203703,2.4,26.5,18.6,94.4,35418,40.2
0500000US36003,"Allegany County, New York",2014,7658,30565,3.7,40.1,9.6,87.2,4921,20.3
0500000US36005,"Bronx County, New York",2014,165152,880909,15.0,27.7,6.5,77.8,184957,19.7
0500000US36007,"Broome County, New York",2014,27295,132029,2.8,33.0,11.7,91.4,21150,28.0
0500000US36009,"Cattaraugus County, New York",2014,7585,53522,4.2,41.2,7.7,88.9,8930,22.7
0500000US36011,"Cayuga County, New York",2014,7142,55677,3.0,34.8,8.4,84.7,9790,22.8
0500000US36013,"Chautauqua County, New York",2014,14848,90260,4.1,35.4,9.6,88.9,14746,23.4
0500000US36015,"Chemung County, New York",2014,8255,60887,2.2,35.4,10.3,89.0,10650,23.3
0500000US36017,"Chenango County, New York",2014,4004,35015,3.6,39.4,7.4,89.8,5788,20.4
0500000US36019,"Clinton County, New York",2014,10985,55509,5.3,35.5,10.4,88.8,9930,27.4
0500000US36021,"Columbia County, New York",2014,4824,45648,3.3,30.6,14.2,88.6,7074,28.5
0500000US36023,"Cortland County, New York",2014,8898,30346,2.9,36.5,9.5,94.2,5387,24.5
0500000US36025,"Delaware County, New York",2014,4982,33371,3.4,38.6,8.9,87.9,4725,24.3
0500000US36027,"Dutchess County, New York",2014,33387,201316,3.7,26.7,15.1,90.8,37048,37.7
0500000US36029,"Erie County, New York",2014,95964,630779,3.2,28.4,14.0,92.3,106758,35.9
0500000US36031,"Essex County, New York",2014,3038,29010,4.1,33.6,10.4,91.2,4869,22.1
0500000US36033,"Franklin County, New York",2014,5149,36039,5.1,36.6,8.6,83.6,6492,18.3
0500000US36035,"Fulton County, New York",2014,4426,38758,4.0,38.4,7.1,85.3,6731,16.0
0500000US36037,"Genesee County, New York",2014,5483,41569,2.9,37.7,7.8,93.4,7189,22.3
0500000US36039,"Greene County, New York",2014,4651,35181,4.3,37.2,8.5,85.8,5975,23.9
0500000US36041,"Hamilton County, New York",2014,298,3674,4.9,32.4,11.3,88.6,467,25.1
0500000US36043,"Herkimer County, New York",2014,5930,44563,3.9,34.4,8.6,92.2,7389,23.0
0500000US36045,"Jefferson County, New York",2014,15113,73749,2.7,34.1,8.7,92.7,14204,23.6
0500000US36047,"Kings County, New York",2014,257029,1709299,10.6,26.9,12.2,86.9,353417,36.1
0500000US36049,"Lewis County, New York",2014,2258,18449,3.2,45.6,6.2,89.4,3166,18.7
0500000US36051,"Livingston County, New York",2014,9885,42400,2.9,34.7,10.7,88.6,7469,27.7
0500000US36053,"Madison County, New York",2014,9894,47573,3.1,33.4,12.1,93.0,8071,27.4
0500000US36055,"Monroe County, New York",2014,83409,500461,3.4,24.8,15.9,91.4,88458,41.5
0500000US36057,"Montgomery County, New York",2014,4185,34299,5.0,35.9,6.5,81.1,6029,18.6
0500000US36059,"Nassau County, New York",2014,118253,927082,4.8,24.3,19.0,90.9,170589,48.8
0500000US36061,"New York County, New York",2014,166280,1214196,7.5,12.8,28.0,94.1,238476,63.7
0500000US36063,"Niagara County, New York",2014,20102,150038,2.8,35.6,9.4,93.3,25540,28.4
0500000US36065,"Oneida County, New York",2014,23419,160126,4.8,32.9,9.4,88.2,27431,24.9
0500000US36067,"Onondaga County, New York",2014,51413,311888,3.0,26.7,14.8,90.5,54640,37.4
0500000US36069,"Ontario County, New York",2014,10257,75190,2.9,28.7,13.9,91.6,12864,40.3
0500000US36071,"Orange County, New York",2014,38752,236432,4.3,29.4,11.8,86.7,49028,31.5
0500000US36073,"Orleans County, New York",2014,3935,29594,4.5,40.5,5.9,82.3,5212,14.9
0500000US36075,"Oswego County, New York",2014,14724,79858,3.7,40.2,7.6,89.5,14455,18.8
0500000US36077,"Otsego County, New York",2014,10822,40158,3.3,34.1,12.6,90.8,6165,28.2
0500000US36079,"Putnam County, New York",2014,7847,69427,3.4,26.5,16.6,93.7,13402,43.8
0500000US36081,"Queens County, New York",2014,213496,1598824,10.6,27.3,10.9,87.5,329043,34.4
0500000US36083,"Rensselaer County, New York",2014,17916,108705,2.7,29.7,12.2,92.3,19478,32.5
0500000US36085,"Richmond County, New York",2014,44313,320047,4.9,31.9,12.0,91.9,63552,34.3
0500000US36087,"Rockland County, New York",2014,29206,200440,5.9,22.9,18.2,84.6,37091,44.4
0500000US36089,"St. Lawrence County, New York",2014,16700,71897,4.7,35.9,10.8,87.6,12842,23.5
0500000US36091,"Saratoga County, New York",2014,18461,155438,1.6,25.7,15.9,95.1,30315,44.4
0500000US36093,"Schenectady County, New York",2014,14804,105576,3.3,31.0,13.8,92.3,19190,33.0
0500000US36095,"Schoharie County, New York",2014,3674,22282,2.7,38.7,8.0,92.7,3702,20.7
0500000US36097,"Schuyler County, New York",2014,1472,13229,3.0,38.7,8.5,93.0,2200,18.7
0500000US36099,"Seneca County, New York",2014,3232,24898,4.3,33.8,8.1,81.4,4030,22.8
0500000US36101,"Steuben County, New York",2014,8057,68326,3.7,36.9,10.1,92.3,11752,24.6
0500000US36103,"Suffolk County, New York",2014,136594,1018328,4.8,29.7,15.1,89.3,199709,38.1
0500000US36105,"Sullivan County, New York",2014,6642,53369,5.1,33.5,9.0,82.8,9362,20.9
0500000US36107,"Tioga County, New York",2014,3843,35296,2.3,35.8,9.9,93.2,5865,24.6
0500000US36109,"Tompkins County, New York",2014,28287,58536,1.6,19.4,29.1,95.7,10189,51.7
0500000US36111,"Ulster County, New York",2014,18462,128233,3.2,29.4,13.7,88.2,22640,33.3
0500000US36113,"Warren County, New York",2014,5246,47327,2.7,33.3,12.7,90.6,7642,31.9
0500000US36115,"Washington County, New York",2014,5429,44657,4.0,42.3,7.7,88.7,8253,19.4
0500000US36117,"Wayne County, New York",2014,7390,64316,3.5,36.8,8.5,89.5,11187,26.9
0500000US36119,"Westchester County, New York",2014,82168,654936,6.8,20.9,22.7,86.6,129569,50.7
0500000US36121,"Wyoming County, New York",2014,3499,29989,3.4,40.0,5.5,86.8,5566,16.9
0500000US36123,"Yates County, New York",2014,2796,16536,7.1,35.6,11.9,78.2,2428,18.6
Geography,Geographic Area Name,2015,Total!!Estimate!!Population 18 to 24 years,Total!!Estimate!!Population 25 years and over,Total!!Estimate!!Population 25 years and over!!Less than 9th grade,Total!!Estimate!!Population 25 years and over!!High school graduate (includes equivalency),Total!!Estimate!!Population 25 years and over!!Graduate or professional degree,Total!!Estimate!!Population 25 to 34 years!!High school graduate or higher,Total!!Estimate!!Population 35 to 44 years,Total!!Estimate!!Population 35 to 44 years!!Bachelor's degree or higher
0400000US36,New York,2015,1985605,13435795,894391,3588894,1992047,2501678,2528797,976639
0500000US36001,"Albany County, New York",2015,44478,204024,4979,54012,37600,38299,35118,14438
0500000US36003,"Allegany County, New York",2015,7461,30568,1035,11837,3112,4327,4874,1021
0500000US36005,"Bronx County, New York",2015,165551,895181,134663,244763,59067,169310,184597,38114
0500000US36007,"Broome County, New York",2015,27733,131269,3632,42294,16026,20650,20505,5871
0500000US36009,"Cattaraugus County, New York",2015,7483,53408,2358,21869,3996,7430,8818,2081
0500000US36011,"Cayuga County, New York",2015,7209,55593,1483,18934,4909,7968,9408,2107
0500000US36013,"Chautauqua County, New York",2015,14424,90321,3519,32059,8612,12897,14432,3462
0500000US36015,"Chemung County, New York",2015,8155,60733,1388,21632,6495,9483,10430,2711
0500000US36017,"Chenango County, New York",2015,4003,34918,1249,13675,2773,4773,5649,1146
0500000US36019,"Clinton County, New York",2015,11432,55148,2973,19461,5640,8844,9886,2572
0500000US36021,"Columbia County, New York",2015,4816,45591,1475,14016,6766,5417,6922,2042
0500000US36023,"Cortland County, New York",2015,8734,30462,887,10580,3095,5095,5210,1323
0500000US36025,"Delaware County, New York",2015,5009,33253,1191,12856,2895,3672,4621,1098
0500000US36027,"Dutchess County, New York",2015,33531,202121,7273,54487,30527,30184,36074,13318
0500000US36029,"Erie County, New York",2015,94752,634345,19711,179855,90343,111139,104838,38985
0500000US36031,"Essex County, New York",2015,3102,28949,1051,9992,3109,3945,4615,1057
0500000US36033,"Franklin County, New York",2015,5129,35748,1724,12942,3119,6116,6301,1188
0500000US36035,"Fulton County, New York",2015,4344,38780,1467,14937,2910,5409,6636,1033
0500000US36037,"Genesee County, New York",2015,5455,41496,987,15451,3322,6301,6945,1564
0500000US36039,"Greene County, New York",2015,4500,35219,1126,12786,2960,4400,5711,1379
0500000US36041,"Hamilton County, New York",2015,466,3546,178,1146,378,347,350,98
0500000US36043,"Herkimer County, New York",2015,5823,44536,1413,15371,4146,6416,7217,1806
0500000US36045,"Jefferson County, New York",2015,15299,73898,1845,24726,6623,18468,13961,3494
0500000US36047,"Kings County, New York",2015,251964,1735647,178723,455076,221600,405295,358326,135972
0500000US36049,"Lewis County, New York",2015,2259,18500,560,8375,1200,2831,3133,723
0500000US36051,"Livingston County, New York",2015,9894,42546,1235,14352,4525,5965,7165,1902
0500000US36053,"Madison County, New York",2015,9857,47612,1475,16062,5458,6754,7874,2042
0500000US36055,"Monroe County, New York",2015,82330,504452,16392,126050,80448,91303,86969,36279
0500000US36057,"Montgomery County, New York",2015,4131,34275,1644,12561,2064,4882,5915,1002
0500000US36059,"Nassau County, New York",2015,120229,931785,43562,225825,178633,138020,167912,83685
0500000US36061,"New York County, New York",2015,161844,1229036,88770,154993,348515,346160,239798,153739
0500000US36063,"Niagara County, New York",2015,19730,150210,3997,52737,14530,23345,24739,7472
0500000US36065,"Oneida County, New York",2015,23311,160092,7513,53425,14986,24658,26782,6816
0500000US36067,"Onondaga County, New York",2015,50990,313724,9209,82150,47325,54459,53739,20723
0500000US36069,"Ontario County, New York",2015,10511,75472,1819,21391,10955,10284,12580,5097
0500000US36071,"Orange County, New York",2015,39554,237282,9477,69556,28265,36751,47828,15400
0500000US36073,"Orleans County, New York",2015,3940,29584,1306,11769,1728,4164,5006,649
0500000US36075,"Oswego County, New York",2015,14556,79996,3091,31920,5800,12432,13983,2557
0500000US36077,"Otsego County, New York",2015,10762,40102,1148,13822,5418,5330,5937,1687
0500000US36079,"Putnam County, New York",2015,8086,69527,2580,19011,11184,9325,12875,5527
0500000US36081,"Queens County, New York",2015,210593,1619173,173583,442208,179906,329154,329986,115195
0500000US36083,"Rensselaer County, New York",2015,17879,109306,2753,31735,13588,19205,19045,5988
0500000US36085,"Richmond County, New York",2015,43831,322287,15027,103017,40037,56161,62710,22671
0500000US36087,"Rockland County, New York",2015,29848,201901,11496,46380,36526,30975,36648,15832
0500000US36089,"St. Lawrence County, New York",2015,16725,72096,3041,26034,8166,11592,12582,3178
0500000US36091,"Saratoga County, New York",2015,18696,156862,2386,40553,25162,24862,29742,13516
0500000US36093,"Schenectady County, New York",2015,14871,105720,3880,31705,14926,18211,19139,6385
0500000US36095,"Schoharie County, New York",2015,3733,22149,760,8520,1855,2957,3577,811
0500000US36097,"Schuyler County, New York",2015,1470,13283,381,5161,1245,1732,2117,522
0500000US36099,"Seneca County, New York",2015,3051,24921,1062,8631,2072,3811,4049,935
0500000US36101,"Steuben County, New York",2015,8110,68314,2203,25668,6957,10193,11550,3052
0500000US36103,"Suffolk County, New York",2015,138167,1022970,47721,299525,156737,151151,194315,75224
0500000US36105,"Sullivan County, New York",2015,6651,53118,2161,18084,5245,7363,9047,1961
0500000US36107,"Tioga County, New York",2015,3863,35148,817,12625,3485,4977,5705,1436
0500000US36109,"Tompkins County, New York",2015,28400,59323,815,11756,16983,12909,10244,5645
0500000US36111,"Ulster County, New York",2015,18323,128759,3908,38900,17511,18709,22037,7031
0500000US36113,"Warren County, New York",2015,5292,47243,1283,15727,6223,6318,7480,2311
0500000US36115,"Washington County, New York",2015,5403,44741,1503,18605,3446,6614,8063,1661
0500000US36117,"Wayne County, New York",2015,7567,64078,2020,23724,5342,8887,10877,2924
0500000US36119,"Westchester County, New York",2015,83942,659258,45038,133756,152063,96140,128517,65772
0500000US36121,"Wyoming County, New York",2015,3544,29663,1144,12114,1615,4920,5238,886
0500000US36123,"Yates County, New York",2015,2809,16533,1301,5710,1900,1989,2450,523
Geography,Geographic Area Name,2012,Total!!Estimate!!Population 18 to 24 years,Total!!Estimate!!Population 25 years and over,Total!!Estimate!!Less than 9th grade,Total!!Estimate!!High school graduate (includes equivalency),Total!!Estimate!!Graduate or professional degree,Total!!Estimate!!High school graduate or higher,Total!!Estimate!!Population 35 to 44 years,Total!!Estimate!!Bachelor's degree or higher
0400000US36,New York,2012,1979223,13101982,6.9,27.3,14.1,88.2,2619534,36.4
0500000US36001,"Albany County, New York",2012,41229,202976,2.6,25.8,18.5,93.7,37089,40.9
0500000US36003,"Allegany County, New York",2012,7776,30546,3.4,40.4,9.0,89.6,5150,20.7
0500000US36005,"Bronx County, New York",2012,160572,856624,15.5,27.3,6.3,76.0,187004,19.8
0500000US36007,"Broome County, New York",2012,25708,133976,3.2,32.8,11.9,91.7,22203,28.7
0500000US36009,"Cattaraugus County, New York",2012,7798,53632,4.3,41.6,7.9,90.4,9440,20.3
0500000US36011,"Cayuga County, New York",2012,7042,55679,3.4,35.6,7.6,84.5,10513,20.0
0500000US36013,"Chautauqua County, New York",2012,15291,89975,3.9,35.2,9.1,87.8,15591,22.6
0500000US36015,"Chemung County, New York",2012,8202,60801,2.5,36.1,9.1,85.9,11194,23.5
0500000US36017,"Chenango County, New York",2012,3836,35200,3.7,39.4,7.1,87.0,6114,16.2
0500000US36019,"Clinton County, New York",2012,10783,55424,5.8,36.5,9.8,88.4,10701,23.9
0500000US36021,"Columbia County, New York",2012,4859,45264,3.0,30.9,13.2,86.5,7687,29.4
0500000US36023,"Cortland County, New York",2012,8776,30373,2.7,35.1,9.8,93.5,5666,27.5
0500000US36025,"Delaware County, New York",2012,4890,33619,3.7,38.9,8.0,90.1,5141,18.0
0500000US36027,"Dutchess County, New York",2012,32524,199082,3.9,28.3,14.3,90.4,39743,34.5
0500000US36029,"Erie County, New York",2012,96272,624799,3.3,29.0,13.4,92.0,112648,35.4
0500000US36031,"Essex County, New York",2012,3102,28784,3.4,34.4,10.9,88.0,5066,22.4
0500000US36033,"Franklin County, New York",2012,5355,35699,5.4,38.7,8.6,84.5,7191,18.2
0500000US36035,"Fulton County, New York",2012,4408,38757,4.2,39.5,6.2,82.2,7268,14.0
0500000US36037,"Genesee County, New York",2012,5508,41284,3.0,37.8,7.8,93.6,7728,22.3
0500000US36039,"Greene County, New York",2012,4811,34935,5.3,39.1,8.3,81.3,6280,19.8
0500000US36041,"Hamilton County, New York",2012,257,3771,4.4,34.7,11.7,88.1,527,26.4
0500000US36043,"Herkimer County, New York",2012,5728,44564,3.4,36.2,8.2,91.6,7839,21.4
0500000US36045,"Jefferson County, New York",2012,15047,72579,2.6,35.2,8.3,92.1,14827,21.8
0500000US36047,"Kings County, New York",2012,261685,1654388,10.9,27.6,11.5,86.0,343869,33.7
0500000US36049,"Lewis County, New York",2012,2192,18259,3.9,47.0,5.5,88.8,3304,13.0
0500000US36051,"Livingston County, New York",2012,9788,42391,2.9,34.0,10.8,91.0,8144,29.0
0500000US36053,"Madison County, New York",2012,9773,47390,2.9,35.0,10.3,92.1,8732,24.7
0500000US36055,"Monroe County, New York",2012,83771,492955,3.5,25.0,15.4,91.1,92940,40.6
0500000US36057,"Montgomery County, New York",2012,4117,34275,5.1,37.0,6.5,82.6,6351,19.9
0500000US36059,"Nassau County, New York",2012,114069,915334,4.9,24.9,18.5,90.4,177601,46.7
0500000US36061,"New York County, New York",2012,174885,1183556,8.1,12.7,27.9,93.6,237946,62.5
0500000US36063,"Niagara County, New York",2012,20272,149323,2.7,36.2,8.8,92.1,26936,26.2
0500000US36065,"Oneida County, New York",2012,23492,159774,5.2,32.5,8.8,87.7,29128,23.1
0500000US36067,"Onondaga County, New York",2012,51763,307743,3.1,26.8,14.3,90.9,57475,35.3
0500000US36069,"Ontario County, New York",2012,9864,73790,2.6,28.0,13.4,91.8,13659,42.0
0500000US36071,"Orange County, New York",2012,36889,235119,4.7,29.0,12.0,84.5,52253,33.2
0500000US36073,"Orleans County, New York",2012,4072,29435,4.2,41.0,5.7,87.1,5732,15.9
0500000US36075,"Oswego County, New York",2012,15084,78839,3.5,41.8,6.5,89.4,15511,16.1
0500000US36077,"Otsego County, New York",2012,10409,40243,3.5,33.7,11.5,90.4,6748,25.4
0500000US36079,"Putnam County, New York",2012,7484,68798,2.8,26.6,17.4,93.2,14720,45.1
0500000US36081,"Queens County, New York",2012,214975,1557698,10.6,27.3,10.5,87.0,327341,33.1
0500000US36083,"Rensselaer County, New York",2012,18497,107085,3.3,30.6,12.4,91.3,20349,30.5
0500000US36085,"Richmond County, New York",2012,44068,315861,5.0,32.7,11.5,91.8,65643,33.1
0500000US36087,"Rockland County, New York",2012,27880,196957,5.5,23.5,17.8,85.2,38580,45.2
0500000US36089,"St. Lawrence County, New York",2012,17483,71005,4.6,37.2,10.1,88.0,13196,22.2
0500000US36091,"Saratoga County, New York",2012,17788,152586,1.9,26.9,15.5,95.0,32064,42.6
0500000US36093,"Schenectady County, New York",2012,14485,104755,3.4,31.3,13.0,92.1,19895,31.6
0500000US36095,"Schoharie County, New York",2012,3842,22268,3.5,38.3,8.9,93.5,3913,19.9
0500000US36097,"Schuyler County, New York",2012,1471,13130,3.3,37.9,7.8,94.0,2345,18.9
0500000US36099,"Seneca County, New York",2012,3224,24581,5.0,35.0,7.2,77.0,4345,21.7
0500000US36101,"Steuben County, New York",2012,7749,68078,4.3,36.0,9.4,90.9,12263,23.1
0500000US36103,"Suffolk County, New York",2012,130657,1006220,4.5,30.0,14.6,89.3,213267,36.1
0500000US36105,"Sullivan County, New York",2012,6480,53564,5.6,33.4,8.9,81.5,10131,21.3
0500000US36107,"Tioga County, New York",2012,3807,35392,1.8,38.0,10.4,92.3,6217,24.8
0500000US36109,"Tompkins County, New York",2012,27301,57768,1.6,20.1,29.0,94.6,10438,49.3
0500000US36111,"Ulster County, New York",2012,18362,127553,3.7,29.1,13.9,89.6,24312,31.5
0500000US36113,"Warren County, New York",2012,5142,47086,2.5,33.4,11.7,89.0,8179,29.7
0500000US36115,"Washington County, New York",2012,5345,44614,4.5,43.7,7.0,85.5,8788,15.4
0500000US36117,"Wayne County, New York",2012,7117,64230,3.6,35.9,7.8,87.9,12588,20.9
0500000US36119,"Westchester County, New York",2012,77998,645116,6.9,22.0,22.1,85.9,133433,49.8
0500000US36121,"Wyoming County, New York",2012,3412,30043,3.4,40.4,5.4,87.1,6008,14.3
0500000US36123,"Yates County, New York",2012,2757,16437,7.3,37.2,11.2,78.6,2580,17.1
Geography,Geographic Area Name,2010,Total!!Estimate!!Population 18 to 24 years,Total!!Estimate!!Population 25 years and over,Total!!Estimate!!Less than 9th grade,Total!!Estimate!!High school graduate (includes equivalency),Total!!Estimate!!Graduate or professional degree,Total!!Estimate!!High school graduate or higher,Total!!Estimate!!Population 35 to 44 years,Total!!Estimate!!Bachelor's degree or higher
0400000US36,New York,2010,1931719,12914436,7.0,28.2,13.8,88.0,2728154,35.0
0500000US36001,"Albany County, New York",2010,40883,201036,3.1,26.9,17.8,93.2,39468,41.4
0500000US36003,"Allegany County, New York",2010,7642,30577,3.7,40.1,9.6,91.1,5534,21.0
0500000US36005,"Bronx County, New York",2010,153214,840009,15.3,28.3,6.5,76.0,191951,18.8
0500000US36007,"Broome County, New York",2010,25372,133739,3.4,33.2,11.4,91.7,24176,28.1
0500000US36009,"Cattaraugus County, New York",2010,7967,53557,4.4,41.4,8.4,91.9,10085,20.6
0500000US36011,"Cayuga County, New York",2010,7220,55354,3.6,36.5,7.2,84.3,11355,18.6
0500000US36013,"Chautauqua County, New York",2010,15142,89926,3.9,36.9,8.9,87.2,16549,23.3
0500000US36015,"Chemung County, New York",2010,8101,60491,3.0,36.6,9.3,87.3,11807,21.3
0500000US36017,"Chenango County, New York",2010,3870,35113,3.4,39.6,6.7,85.6,6737,17.0
0500000US36019,"Clinton County, New York",2010,10638,55210,5.8,37.0,9.5,89.2,11464,21.8
0500000US36021,"Columbia County, New York",2010,4748,45089,3.6,32.0,12.9,88.0,8263,28.4
0500000US36023,"Cortland County, New York",2010,8704,30088,2.8,36.3,9.3,91.9,6146,26.0
0500000US36025,"Delaware County, New York",2010,4632,33831,3.8,39.1,8.1,91.1,5674,16.8
0500000US36027,"Dutchess County, New York",2010,31460,196715,4.0,29.5,13.9,89.9,42857,34.1
0500000US36029,"Erie County, New York",2010,93828,622588,3.5,30.1,12.7,91.9,120054,34.3
0500000US36031,"Essex County, New York",2010,3147,28503,3.5,34.5,10.5,89.9,5327,21.7
0500000US36033,"Franklin County, New York",2010,5226,35561,6.2,40.3,7.9,84.5,7706,17.0
0500000US36035,"Fulton County, New York",2010,4200,38702,4.9,39.7,5.6,82.4,7847,13.5
0500000US36037,"Genesee County, New York",2010,5332,40945,3.1,37.7,8.0,94.7,8295,21.1
0500000US36039,"Greene County, New York",2010,4869,34621,4.7,39.7,8.4,84.0,6798,19.0
0500000US36041,"Hamilton County, New York",2010,246,3828,5.3,35.2,12.0,90.0,611,26.8
0500000US36043,"Herkimer County, New York",2010,5528,44207,3.5,36.8,7.4,93.5,8236,17.9
0500000US36045,"Jefferson County, New York",2010,14934,71402,2.8,36.6,8.5,91.7,15425,20.5
0500000US36047,"Kings County, New York",2010,257247,1613215,11.2,28.8,10.8,85.8,342810,31.6
0500000US36049,"Lewis County, New York",2010,2241,17994,4.3,47.5,6.0,90.1,3478,13.0
0500000US36051,"Livingston County, New York",2010,9731,42311,3.4,35.5,9.9,87.0,8923,25.7
0500000US36053,"Madison County, New York",2010,9874,46639,2.7,34.9,9.9,90.5,9471,25.7
0500000US36055,"Monroe County, New York",2010,81671,487246,3.9,25.6,15.1,90.7,98865,38.7
0500000US36057,"Montgomery County, New York",2010,4046,34034,5.6,37.8,7.0,84.8,6534,18.5
0500000US36059,"Nassau County, New York",2010,109952,904445,5.0,25.5,18.2,89.7,187050,45.8
0500000US36061,"New York County, New York",2010,174629,1166760,8.5,13.3,27.2,93.1,243451,61.0
0500000US36063,"Niagara County, New York",2010,20104,148173,3.1,37.4,8.4,91.9,28843,23.6
0500000US36065,"Oneida County, New York",2010,23120,159341,5.0,34.0,8.6,86.2,31131,21.3
0500000US36067,"Onondaga County, New York",2010,50250,304320,3.1,27.9,13.8,91.4,61471,33.3
0500000US36069,"Ontario County, New York",2010,9597,72132,2.7,28.6,12.6,92.5,14616,37.2
0500000US36071,"Orange County, New York",2010,35466,232097,4.6,30.8,11.7,84.5,55490,31.5
0500000US36073,"Orleans County, New York",2010,4042,29133,5.3,41.3,5.5,85.7,6140,16.2
0500000US36075,"Oswego County, New York",2010,14818,78127,3.6,42.6,6.1,90.1,16789,15.4
0500000US36077,"Otsego County, New York",2010,10505,39938,3.8,35.6,11.0,89.6,7248,25.8
0500000US36079,"Putnam County, New York",2010,7070,68000,2.1,29.1,16.0,94.6,16130,42.8
0500000US36081,"Queens County, New York",2010,210325,1527856,10.4,28.6,10.3,87.0,331446,31.6
0500000US36083,"Rensselaer County, New York",2010,17600,106304,3.5,32.3,11.8,92.1,21500,29.4
0500000US36085,"Richmond County, New York",2010,42586,311146,5.0,33.8,11.3,90.4,67997,31.0
0500000US36087,"Rockland County, New York",2010,26888,192620,6.0,23.8,18.2,86.0,40332,45.3
0500000US36089,"St. Lawrence County, New York",2010,17301,70150,4.9,38.7,8.6,87.9,14014,20.2
0500000US36091,"Saratoga County, New York",2010,17359,149410,2.4,28.6,14.8,94.5,33720,41.1
0500000US36093,"Schenectady County, New York",2010,13934,103555,3.2,31.6,13.0,91.3,20896,29.8
0500000US36095,"Schoharie County, New York",2010,3872,22096,3.3,39.1,8.7,88.2,4222,21.3
0500000US36097,"Schuyler County, New York",2010,1542,12977,3.4,39.6,7.8,93.0,2476,15.5
0500000US36099,"Seneca County, New York",2010,3311,24267,5.5,35.6,6.5,79.0,4755,18.9
0500000US36101,"Steuben County, New York",2010,7634,67276,4.2,36.8,9.5,91.6,12878,22.2
0500000US36103,"Suffolk County, New York",2010,124753,993716,4.4,30.6,14.2,89.5,228064,34.9
0500000US36105,"Sullivan County, New York",2010,6293,53448,5.7,34.4,8.8,81.3,11004,20.8
0500000US36107,"Tioga County, New York",2010,3889,35124,2.0,37.4,9.1,88.7,6837,22.3
0500000US36109,"Tompkins County, New York",2010,26798,56968,1.9,20.7,28.5,94.3,11068,49.7
0500000US36111,"Ulster County, New York",2010,17854,126669,3.7,29.5,13.6,86.9,26155,30.9
0500000US36113,"Warren County, New York",2010,5052,46676,2.6,33.0,11.9,91.4,8881,31.4
0500000US36115,"Washington County, New York",2010,5514,43839,4.8,42.0,7.3,82.6,9333,14.4
0500000US36117,"Wayne County, New York",2010,6957,63678,4.4,34.3,8.5,88.1,13685,21.3
0500000US36119,"Westchester County, New York",2010,74863,635503,6.5,23.0,22.1,85.7,138704,49.7
0500000US36121,"Wyoming County, New York",2010,3435,29888,4.2,40.8,5.5,84.0,6579,14.0
0500000US36123,"Yates County, New York",2010,2693,16273,8.0,38.6,10.3,74.5,2803,18.3
Geography,Geographic Area Name,2018,Estimate!!Total!!Population 18 to 24 years,Estimate!!Total!!Population 25 years and over,Estimate!!Total!!Population 25 years and over!!Less than 9th grade,Estimate!!Total!!Population 25 years and over!!High school graduate (includes equivalency),Estimate!!Total!!Population 25 years and over!!Graduate or professional degree,Estimate!!Total!!Population 25 years and over!!Population 25 to 34 years!!High school graduate or higher,Estimate!!Total!!Population 25 years and over!!Population 35 to 44 years,Estimate!!Total!!Population 25 years and over!!Population 35 to 44 years!!Bachelor's degree or higher
0400000US36,New York,2018,1870478,13606342,857177,3556251,2139561,2587918,2446070,1008078
0500000US36001,"Albany County, New York",2018,45521,204509,5083,49310,41346,38346,34776,16492
0500000US36003,"Allegany County, New York",2018,7284,30155,968,11052,3072,4255,4648,1177
0500000US36005,"Bronx County, New York",2018,152655,924137,131141,255427,64547,183727,181911,38652
0500000US36007,"Broome County, New York",2018,27491,128950,3520,40079,16286,19786,19835,6082
0500000US36009,"Cattaraugus County, New York",2018,7216,53030,2103,20869,4509,7429,8380,2007
0500000US36011,"Cayuga County, New York",2018,6715,55526,1704,18306,4942,8228,9011,2207
0500000US36013,"Chautauqua County, New York",2018,13050,89858,3197,32222,8703,13235,13614,3220
0500000US36015,"Chemung County, New York",2018,7159,59921,1763,21581,6484,9510,10159,2686
0500000US36017,"Chenango County, New York",2018,3749,34458,1049,13439,2845,4749,5252,1038
0500000US36019,"Clinton County, New York",2018,11305,54954,2319,20505,6211,8840,9380,2298
0500000US36021,"Columbia County, New York",2018,4348,45606,1547,13918,6933,6024,6492,2085
0500000US36023,"Cortland County, New York",2018,8525,30162,796,9850,3585,5141,4879,1459
0500000US36025,"Delaware County, New York",2018,4760,32888,1030,12386,3141,3938,4280,990
0500000US36027,"Dutchess County, New York",2018,32378,204465,6540,53655,32300,30979,33864,13191
0500000US36029,"Erie County, New York",2018,87610,643713,17901,178600,95782,119531,101496,43033
0500000US36031,"Essex County, New York",2018,2695,28731,840,9451,3385,4081,4291,1258
0500000US36033,"Franklin County, New York",2018,5092,35688,1529,13421,3567,6152,6036,1118
0500000US36035,"Fulton County, New York",2018,4166,38600,1192,13795,3193,5525,6208,1022
0500000US36037,"Genesee County, New York",2018,4913,41265,638,15105,3689,6618,6380,1623
0500000US36039,"Greene County, New York",2018,4133,35427,1189,13526,3262,5170,5187,1324
0500000US36041,"Hamilton County, New York",2018,406,3536,94,1007,367,229,390,104
0500000US36043,"Herkimer County, New York",2018,5600,43844,1518,16236,3885,6430,6661,1588
0500000US36045,"Jefferson County, New York",2018,14302,72369,1845,24590,6810,18470,13294,3467
0500000US36047,"Kings County, New York",2018,223707,1777281,163082,455299,258139,428333,359498,152866
0500000US36049,"Lewis County, New York",2018,2154,18373,533,8469,1345,2811,2982,616
0500000US36051,"Livingston County, New York",2018,9624,42687,995,14037,5033,6222,6593,1880
0500000US36053,"Madison County, New York",2018,9531,47906,1296,16311,5560,6863,7444,2311
0500000US36055,"Monroe County, New York",2018,76369,510506,16138,122362,85778,94838,83605,35424
0500000US36057,"Montgomery County, New York",2018,3928,34213,1606,12028,2569,5165,5600,1154
0500000US36059,"Nassau County, New York",2018,120849,940610,43513,216539,192332,143582,162600,86567
0500000US36061,"New York County, New York",2018,149638,1247071,87317,155048,367091,345492,234534,156079
0500000US36063,"Niagara County, New York",2018,18251,150607,3756,51509,15340,24093,23528,7246
0500000US36065,"Oneida County, New York",2018,22421,159279,6959,52346,16115,25493,25448,7453
0500000US36067,"Onondaga County, New York",2018,48534,315658,9034,79760,49303,55916,51694,21139
0500000US36069,"Ontario County, New York",2018,10173,76734,1555,20535,11963,11028,11886,5502
0500000US36071,"Orange County, New York",2018,40210,240918,8661,71452,30328,38664,45245,15402
0500000US36073,"Orleans County, New York",2018,3378,29632,1089,11503,1782,4689,4607,686
0500000US36075,"Oswego County, New York",2018,13526,80149,2684,30175,6120,12658,13043,2840
0500000US36077,"Otsego County, New York",2018,10459,39907,952,12780,5869,5393,5600,1753
0500000US36079,"Putnam County, New York",2018,8461,70298,2497,18926,12024,9907,11647,5468
0500000US36081,"Queens County, New York",2018,186799,1646256,167643,454105,191106,335686,320326,115775
0500000US36083,"Rensselaer County, New York",2018,16626,111082,2736,32314,14319,20400,18554,6769
0500000US36085,"Richmond County, New York",2018,40845,328753,16162,101738,43548,57324,60147,24729
0500000US36087,"Rockland County, New York",2018,30112,203509,11305,45768,37307,32046,35804,14767
0500000US36089,"St. Lawrence County, New York",2018,15284,71856,2631,26522,8683,11318,11838,3558
0500000US36091,"Saratoga County, New York",2018,18915,161493,2736,39539,28858,25645,28533,14477
0500000US36093,"Schenectady County, New York",2018,14448,106960,3795,31383,14564,18836,18915,6229
0500000US36095,"Schoharie County, New York",2018,3499,22210,720,8205,2091,2981,3238,849
0500000US36097,"Schuyler County, New York",2018,1277,13200,444,4824,1192,1774,1909,513
0500000US36099,"Seneca County, New York",2018,2894,24803,1262,8665,2196,3826,3865,928
0500000US36101,"Steuben County, New York",2018,7650,68069,2144,25439,7610,10250,11141,3514
0500000US36103,"Suffolk County, New York",2018,136173,1028820,45995,287538,165936,157340,179030,72279
0500000US36105,"Sullivan County, New York",2018,6078,53101,2480,17834,5380,7898,8416,1639
0500000US36107,"Tioga County, New York",2018,3811,34739,697,12549,3297,4800,5517,1605
0500000US36109,"Tompkins County, New York",2018,27818,59782,977,11592,17892,12557,10452,6161
0500000US36111,"Ulster County, New York",2018,16951,129932,4093,38655,18646,20019,20768,7389
0500000US36113,"Warren County, New York",2018,4734,47790,1200,15212,6589,6918,6963,2446
0500000US36115,"Washington County, New York",2018,5079,44839,1918,17111,3960,6452,7476,1748
0500000US36117,"Wayne County, New York",2018,7323,63828,2176,22077,6087,9035,10149,3022
0500000US36119,"Westchester County, New York",2018,85757,665958,42544,130268,161199,98282,123911,65822
0500000US36121,"Wyoming County, New York",2018,3357,29144,923,11861,1827,4938,4764,823
0500000US36123,"Yates County, New York",2018,2762,16597,1423,5643,1739,2053,2376,529
Geography,Geographic Area Name,2017,Estimate!!Total!!Population 18 to 24 years,Estimate!!Total!!Population 25 years and over,Estimate!!Total!!Population 25 years and over!!Less than 9th grade,Estimate!!Total!!Population 25 years and over!!High school graduate (includes equivalency),Estimate!!Total!!Population 25 years and over!!Graduate or professional degree,Estimate!!Total!!Population 25 years and over!!Population 25 to 34 years!!High school graduate or higher,Estimate!!Total!!Population 25 years and over!!Population 35 to 44 years,Estimate!!Total!!Population 25 years and over!!Population 35 to 44 years!!Bachelor's degree or higher
0400000US36,New York,2017,1934115,13660809,884080,3591287,2101826,2595661,2485508,1000255
0500000US36001,"Albany County, New York",2017,45589,204833,5104,50589,39895,38565,34876,16059
0500000US36003,"Allegany County, New York",2017,7377,30331,1082,11464,2991,4271,4720,1148
0500000US36005,"Bronx County, New York",2017,161311,927374,134691,256066,63879,183257,184809,38416
0500000US36007,"Broome County, New York",2017,27828,129802,3497,40700,16037,20059,20007,6003
0500000US36009,"Cattaraugus County, New York",2017,7307,53201,2008,21015,4366,7575,8484,1989
0500000US36011,"Cayuga County, New York",2017,6976,55476,1659,18110,4935,8120,9072,2214
0500000US36013,"Chautauqua County, New York",2017,13450,90242,3572,32162,8570,13231,13834,3103
0500000US36015,"Chemung County, New York",2017,7813,60124,1554,21231,6961,9486,10276,2746
0500000US36017,"Chenango County, New York",2017,3883,34561,1083,13451,2874,4673,5319,1212
0500000US36019,"Clinton County, New York",2017,11302,55125,2510,20454,5854,8703,9575,2299
0500000US36021,"Columbia County, New York",2017,4511,45715,1692,14109,6663,5891,6654,1992
0500000US36023,"Cortland County, New York",2017,8649,30199,780,10308,3397,5100,5041,1320
0500000US36025,"Delaware County, New York",2017,4901,32972,1052,12403,3135,3845,4349,989
0500000US36027,"Dutchess County, New York",2017,33032,204168,6498,53465,31746,30666,34440,13299
0500000US36029,"Erie County, New York",2017,90620,642871,18240,179951,93578,117942,102308,41136
0500000US36031,"Essex County, New York",2017,2912,28866,868,9615,3518,4125,4304,1199
0500000US36033,"Franklin County, New York",2017,5180,35862,1736,13328,3451,6055,6084,991
0500000US36035,"Fulton County, New York",2017,4213,38651,1275,13794,3052,5427,6360,1037
0500000US36037,"Genesee County, New York",2017,5138,41240,729,14790,3616,6296,6484,1486
0500000US36039,"Greene County, New York",2017,4468,35151,1188,12827,3363,4682,5323,1378
0500000US36041,"Hamilton County, New York",2017,386,3604,88,1155,409,280,410,134
0500000US36043,"Herkimer County, New York",2017,5693,43979,1501,16040,3850,6394,6847,1700
0500000US36045,"Jefferson County, New York",2017,15051,73008,1888,24512,6609,18295,13432,3527
0500000US36047,"Kings County, New York",2017,236951,1789355,172862,460338,249155,428596,364039,148578
0500000US36049,"Lewis County, New York",2017,2233,18363,501,8436,1322,2849,2990,668
0500000US36051,"Livingston County, New York",2017,9812,42717,1151,14257,4499,6159,6781,1824
0500000US36053,"Madison County, New York",2017,9713,47707,1254,16389,5477,6874,7531,2179
0500000US36055,"Monroe County, New York",2017,79001,510165,16056,123741,83730,94728,84486,35476
0500000US36057,"Montgomery County, New York",2017,4048,34126,1654,12036,2358,5084,5537,1075
0500000US36059,"Nassau County, New York",2017,122061,942504,44564,219372,188711,142861,164284,85248
0500000US36061,"New York County, New York",2017,155089,1259137,88010,156607,366162,352320,238802,157052
0500000US36063,"Niagara County, New York",2017,18932,150502,4009,52205,14801,24030,23779,7329
0500000US36065,"Oneida County, New York",2017,22906,159917,7378,53357,15433,25239,25811,7063
0500000US36067,"Onondaga County, New York",2017,49527,316513,9191,80811,48689,56659,52219,20648
0500000US36069,"Ontario County, New York",2017,10353,76354,1598,21491,11395,10830,12074,5354
0500000US36071,"Orange County, New York",2017,40184,240447,8570,71195,29772,38471,46008,15255
0500000US36073,"Orleans County, New York",2017,3535,29704,1231,11706,1842,4585,4692,704
0500000US36075,"Oswego County, New York",2017,13908,80201,2828,30749,6291,12610,13324,2895
0500000US36077,"Otsego County, New York",2017,10664,40004,981,13077,5711,5400,5713,1853
0500000US36079,"Putnam County, New York",2017,8336,70373,2590,19539,11507,9852,11977,5186
0500000US36081,"Queens County, New York",2017,200009,1665576,174550,461228,187932,342558,328686,115883
0500000US36083,"Rensselaer County, New York",2017,16899,110822,2720,31980,14169,20542,18663,6585
0500000US36085,"Richmond County, New York",2017,42120,328506,15504,103011,42865,57040,61082,23966
0500000US36087,"Rockland County, New York",2017,30382,204647,12176,45439,37762,31839,36187,15344
0500000US36089,"St. Lawrence County, New York",2017,15976,72131,2869,26084,8338,11692,12038,3179
0500000US36091,"Saratoga County, New York",2017,18899,160285,2690,39770,27322,25702,28940,14037
0500000US36093,"Schenectady County, New York",2017,14739,106739,3766,31537,14366,18711,18804,6344
0500000US36095,"Schoharie County, New York",2017,3683,22191,748,8205,1970,2907,3344,890
0500000US36097,"Schuyler County, New York",2017,1338,13177,414,5073,1341,1740,2000,507
0500000US36099,"Seneca County, New York",2017,2972,24870,1178,8802,2134,3868,3935,949
0500000US36101,"Steuben County, New York",2017,7797,68162,2173,25337,7497,10243,11200,3332
0500000US36103,"Suffolk County, New York",2017,138040,1030141,46974,292373,163250,156058,183911,73863
0500000US36105,"Sullivan County, New York",2017,6300,53264,2235,17732,5297,7766,8540,1973
0500000US36107,"Tioga County, New York",2017,3860,34772,749,12383,3148,4853,5486,1357
0500000US36109,"Tompkins County, New York",2017,28480,60092,790,11947,17889,12808,10431,6136
0500000US36111,"Ulster County, New York",2017,17496,129659,3828,39462,18400,19371,21073,7336
0500000US36113,"Warren County, New York",2017,4911,47642,1291,15652,6529,6829,7082,2393
0500000US36115,"Washington County, New York",2017,5251,44765,1625,17553,3649,6650,7470,1708
0500000US36117,"Wayne County, New York",2017,7511,63889,2210,22578,5704,8927,10262,2927
0500000US36119,"Westchester County, New York",2017,86345,668102,44461,130493,159217,98545,126022,66380
0500000US36121,"Wyoming County, New York",2017,3435,29320,1036,12104,1688,4873,4918,864
0500000US36123,"Yates County, New York",2017,2829,16613,1370,5699,1755,2054,2379,538
Geography,Geographic Area Name,2016,Total!!Estimate!!Population 18 to 24 years,Total!!Estimate!!Population 25 years and over,Total!!Estimate!!Population 25 years and over!!Less than 9th grade,Total!!Estimate!!Population 25 years and over!!High school graduate (includes equivalency),Total!!Estimate!!Population 25 years and over!!Graduate or professional degree,Total!!Estimate!!Population 25 to 34 years!!High school graduate or higher,Total!!Estimate!!Population 35 to 44 years,Total!!Estimate!!Population 35 to 44 years!!Bachelor's degree or higher
0400000US36,New York,2016,1966965,13504083,882123,3569454,2037243,2538489,2501802,986370
0500000US36001,"Albany County, New York",2016,45357,204003,4916,52410,38999,38238,34873,15260
0500000US36003,"Allegany County, New York",2016,7493,30449,1067,11508,3151,4316,4809,1095
0500000US36005,"Bronx County, New York",2016,164203,905151,132714,248174,59904,175501,183782,38498
0500000US36007,"Broome County, New York",2016,27999,130537,3454,41580,16150,20233,20168,5936
0500000US36009,"Cattaraugus County, New York",2016,7395,53233,2265,21434,4125,7539,8659,2014
0500000US36011,"Cayuga County, New York",2016,7240,55396,1492,18382,4899,8046,9296,2009
0500000US36013,"Chautauqua County, New York",2016,13959,90235,3678,32310,8586,13095,14087,3191
0500000US36015,"Chemung County, New York",2016,8142,60379,1534,21063,6719,9364,10553,2718
0500000US36017,"Chenango County, New York",2016,4030,34728,1213,13440,2831,4638,5516,1070
0500000US36019,"Clinton County, New York",2016,11378,55217,2607,19622,5861,8738,9604,2557
0500000US36021,"Columbia County, New York",2016,4648,45731,1684,14220,6599,5658,6731,2076
0500000US36023,"Cortland County, New York",2016,8541,30566,856,10307,3255,5243,5120,1358
0500000US36025,"Delaware County, New York",2016,5073,32976,1013,12580,2980,3788,4482,1045
0500000US36027,"Dutchess County, New York",2016,33453,202687,6652,53890,31012,30330,35064,13332
0500000US36029,"Erie County, New York",2016,92997,637800,18673,180119,91856,114310,103348,39598
0500000US36031,"Essex County, New York",2016,2956,29016,902,10104,3182,4072,4485,970
0500000US36033,"Franklin County, New York",2016,5112,35796,1842,12920,3296,6261,6267,1137
0500000US36035,"Fulton County, New York",2016,4358,38699,1334,14182,2885,5425,6458,1095
0500000US36037,"Genesee County, New York",2016,5287,41449,953,14872,3601,6338,6625,1544
0500000US36039,"Greene County, New York",2016,4685,35014,1185,12816,2952,4489,5453,1290
0500000US36041,"Hamilton County, New York",2016,382,3575,178,1098,386,301,324,84
0500000US36043,"Herkimer County, New York",2016,5856,44238,1500,15679,3941,6430,7007,1672
0500000US36045,"Jefferson County, New York",2016,15074,73692,1972,25083,6646,18420,13864,3470
0500000US36047,"Kings County, New York",2016,244788,1753695,173424,452449,235026,414576,360926,141308
0500000US36049,"Lewis County, New York",2016,2285,18490,571,8282,1306,2812,3083,657
0500000US36051,"Livingston County, New York",2016,9920,42621,1140,14412,4766,6010,6902,1931
0500000US36053,"Madison County, New York",2016,9881,47606,1462,16078,5581,6745,7668,2103
0500000US36055,"Monroe County, New York",2016,81025,507237,15773,124160,82257,93039,85466,35731
0500000US36057,"Montgomery County, New York",2016,4092,34243,1837,12636,2144,4970,5682,928
0500000US36059,"Nassau County, New York",2016,121621,934765,44821,221890,183145,139110,165445,84225
0500000US36061,"New York County, New York",2016,158011,1237623,85508,155318,354449,349286,239951,157338
0500000US36063,"Niagara County, New York",2016,19449,150231,3887,52384,14715,23508,24194,7137
0500000US36065,"Oneida County, New York",2016,23198,159946,7186,53574,15104,24939,26238,7226
0500000US36067,"Onondaga County, New York",2016,50425,315056,9381,81545,47408,55716,52882,20680
0500000US36069,"Ontario County, New York",2016,10482,76016,1766,21577,11161,10645,12224,5224
0500000US36071,"Orange County, New York",2016,40168,238224,9005,71105,28837,37324,46689,15051
0500000US36073,"Orleans County, New York",2016,3754,29695,1411,11728,1821,4370,4866,675
0500000US36075,"Oswego County, New York",2016,14170,80149,2871,31198,6104,12696,13563,2708
0500000US36077,"Otsego County, New York",2016,10836,39869,1065,13226,5297,5371,5737,1857
0500000US36079,"Putnam County, New York",2016,8332,69769,2715,18806,11419,9488,12409,5380
0500000US36081,"Queens County, New York",2016,206170,1630963,173337,444776,182571,333555,328408,114495
0500000US36083,"Rensselaer County, New York",2016,17455,110059,2800,31519,13646,19751,18953,6231
0500000US36085,"Richmond County, New York",2016,43156,324340,14801,101997,41037,56182,61738,23209
0500000US36087,"Rockland County, New York",2016,30273,202987,11973,45527,36914,31134,36202,15687
0500000US36089,"St. Lawrence County, New York",2016,16456,72141,2905,25990,8239,11588,12290,3195
0500000US36091,"Saratoga County, New York",2016,18928,158211,2582,40132,25767,25219,29305,13848
0500000US36093,"Schenectady County, New York",2016,14731,106136,4045,31473,14689,18465,19053,6324
0500000US36095,"Schoharie County, New York",2016,3687,22026,732,8371,1880,2933,3478,856
0500000US36097,"Schuyler County, New York",2016,1429,13277,376,5299,1286,1715,2059,494
0500000US36099,"Seneca County, New York",2016,3021,24924,1066,8867,2140,3783,3997,974
0500000US36101,"Steuben County, New York",2016,7962,68291,2219,25448,7321,10217,11363,3218
0500000US36103,"Suffolk County, New York",2016,138819,1024860,47657,295808,159688,152558,188527,74144
0500000US36105,"Sullivan County, New York",2016,6437,53020,2259,17682,5339,7512,8749,1969
0500000US36107,"Tioga County, New York",2016,3756,34981,798,12331,3294,4820,5640,1420
0500000US36109,"Tompkins County, New York",2016,28624,59666,803,11883,17535,12811,10302,5821
0500000US36111,"Ulster County, New York",2016,17892,129015,4058,39401,18130,19032,21490,7270
0500000US36113,"Warren County, New York",2016,5151,47419,1281,15842,6106,6609,7201,2314
0500000US36115,"Washington County, New York",2016,5342,44794,1647,17728,3747,6543,7849,1858
0500000US36117,"Wayne County, New York",2016,7599,63894,2142,23064,5381,8938,10405,2931
0500000US36119,"Westchester County, New York",2016,85574,661283,44678,130376,154882,96858,126878,65609
0500000US36121,"Wyoming County, New York",2016,3537,29560,1029,12177,1644,4898,5063,817
0500000US36123,"Yates County, New York",2016,2911,16434,1428,5602,1651,1990,2352,508
Geography,Geographic Area Name,2019,Estimate!!Total!!AGE BY EDUCATIONAL ATTAINMENT!!Population 18 to 24 years,Estimate!!Total!!AGE BY EDUCATIONAL ATTAINMENT!!Population 25 years and over,Estimate!!Total!!AGE BY EDUCATIONAL ATTAINMENT!!Population 25 years and over!!Less than 9th grade,Estimate!!Total!!AGE BY EDUCATIONAL ATTAINMENT!!Population 25 years and over!!High school graduate (includes equivalency),Estimate!!Total!!AGE BY EDUCATIONAL ATTAINMENT!!Population 25 years and over!!Graduate or professional degree,Estimate!!Total!!AGE BY EDUCATIONAL ATTAINMENT!!Population 25 to 34 years!!High school graduate or higher,Estimate!!Total!!AGE BY EDUCATIONAL ATTAINMENT!!Population 35 to 44 years,Estimate!!Total!!AGE BY EDUCATIONAL ATTAINMENT!!Population 35 to 44 years!!Bachelor's degree or higher
0400000US36,New York,2019,1831883,13631937,838231,3541274,2185929,2605586,2433007,1023449
0500000US36001,"Albany County, New York",2019,45150,204918,5303,47042,41807,37948,34918,16920
0500000US36003,"Allegany County, New York",2019,7209,30038,939,11012,3079,4344,4587,1120
0500000US36005,"Bronx County, New York",2019,147118,929546,124987,259572,66529,187084,181385,39268
0500000US36007,"Broome County, New York",2019,27496,128064,3490,40302,16564,19834,19807,6082
0500000US36009,"Cattaraugus County, New York",2019,7088,52849,1968,20715,4653,7536,8250,1838
0500000US36011,"Cayuga County, New York",2019,6595,55436,1862,18436,4837,8108,9079,2215
0500000US36013,"Chautauqua County, New York",2019,12659,89517,3083,31774,8716,13276,13501,3526
0500000US36015,"Chemung County, New York",2019,6964,59604,1702,21042,6295,9413,9982,2582
0500000US36017,"Chenango County, New York",2019,3614,34344,1014,13380,2803,4697,5162,1163
0500000US36019,"Clinton County, New York",2019,10844,55211,2284,20807,5991,8938,9373,2406
0500000US36021,"Columbia County, New York",2019,4146,45574,1555,13653,7048,5943,6415,2168
0500000US36023,"Cortland County, New York",2019,8585,30113,794,9663,3708,5180,4808,1450
0500000US36025,"Delaware County, New York",2019,4522,32787,888,12319,3269,3985,4221,994
0500000US36027,"Dutchess County, New York",2019,31945,205613,6401,55135,32935,31634,33735,12803
0500000US36029,"Erie County, New York",2019,85802,645981,17239,178202,96533,121035,102040,44451
0500000US36031,"Essex County, New York",2019,2638,28667,720,9871,3391,4028,4150,1232
0500000US36033,"Franklin County, New York",2019,5352,35065,1506,13214,3229,6022,5978,1099
0500000US36035,"Fulton County, New York",2019,4109,38601,1066,13766,3247,5628,6193,1133
0500000US36037,"Genesee County, New York",2019,4717,41334,756,14864,3703,6790,6306,1700
0500000US36039,"Greene County, New York",2019,4156,35359,1377,13689,3440,5087,5087,1278
0500000US36041,"Hamilton County, New York",2019,323,3567,126,969,277,261,383,70
0500000US36043,"Herkimer County, New York",2019,5455,43732,1452,16144,4047,6391,6633,1802
0500000US36045,"Jefferson County, New York",2019,14020,71540,1795,24858,6339,17941,12911,3362
0500000US36047,"Kings County, New York",2019,215081,1780247,157367,458191,267251,430623,358925,158115
0500000US36049,"Lewis County, New York",2019,2085,18360,504,8198,1458,2811,2920,655
0500000US36051,"Livingston County, New York",2019,9523,42678,983,13617,5146,6297,6682,1967
0500000US36053,"Madison County, New York",2019,9423,47967,1123,16683,5379,6965,7393,2388
0500000US36055,"Monroe County, New York",2019,74733,512676,16262,119716,88363,95516,83726,36576
0500000US36057,"Montgomery County, New York",2019,3797,34199,1636,12106,2563,5153,5599,1129
0500000US36059,"Nassau County, New York",2019,119754,943013,44150,213909,195245,145094,162394,88188
0500000US36061,"New York County, New York",2019,147692,1249365,85770,155198,370357,345477,233817,157206
0500000US36063,"Niagara County, New York",2019,17570,150726,3629,50066,15701,24336,23415,7368
0500000US36065,"Oneida County, New York",2019,22090,158944,7034,50633,16800,25529,25347,7959
0500000US36067,"Onondaga County, New York",2019,47911,315878,8883,80217,50232,56464,51724,21541
0500000US36069,"Ontario County, New York",2019,10020,77172,1420,20395,12835,11285,11907,5838
0500000US36071,"Orange County, New York",2019,40018,242775,8694,71028,31344,39783,45132,15639
0500000US36073,"Orleans County, New York",2019,3351,29499,951,11300,1755,4612,4721,860
0500000US36075,"Oswego County, New York",2019,13124,80093,2560,30006,6322,12568,12875,2967
0500000US36077,"Otsego County, New York",2019,10330,39939,945,12494,5667,5548,5613,1850
0500000US36079,"Putnam County, New York",2019,8355,70564,2383,19139,12044,10142,11599,5526
0500000US36081,"Queens County, New York",2019,179669,1645396,165896,453171,196071,335781,315578,116305
0500000US36083,"Rensselaer County, New York",2019,16369,111735,2852,32369,15655,21043,18710,7448
0500000US36085,"Richmond County, New York",2019,39994,330661,16147,100452,45344,58410,59628,25233
0500000US36087,"Rockland County, New York",2019,29939,203591,11197,45877,38006,32465,35817,14760
0500000US36089,"St. Lawrence County, New York",2019,15083,71657,2579,26380,8529,11104,11708,3340
0500000US36091,"Saratoga County, New York",2019,19003,163010,2531,40531,29060,25855,28418,14653
0500000US36093,"Schenectady County, New York",2019,14710,106675,3619,31497,14518,18737,18951,6534
0500000US36095,"Schoharie County, New York",2019,3370,22309,694,7970,2066,2995,3240,762
0500000US36097,"Schuyler County, New York",2019,1241,13229,328,4430,1348,1812,1892,578
0500000US36099,"Seneca County, New York",2019,2801,24710,1336,8702,2304,3776,3811,937
0500000US36101,"Steuben County, New York",2019,7430,68086,2052,25012,7827,10270,11075,3487
0500000US36103,"Suffolk County, New York",2019,134777,1030842,44935,281922,171071,159350,175970,71293
0500000US36105,"Sullivan County, New York",2019,6088,53086,2593,17945,5937,8240,8389,1827
0500000US36107,"Tioga County, New York",2019,3719,34696,591,12472,3481,4827,5455,1552
0500000US36109,"Tompkins County, New York",2019,27600,59774,947,11347,18427,12422,10418,6432
0500000US36111,"Ulster County, New York",2019,16550,130190,4267,38710,19629,20371,20630,7274
0500000US36113,"Warren County, New York",2019,4635,47833,1190,14653,7017,7053,6797,2490
0500000US36115,"Washington County, New York",2019,4888,44992,1988,17429,3954,6581,7516,1627
0500000US36117,"Wayne County, New York",2019,7115,63914,2221,21531,6106,9167,10000,2694
0500000US36119,"Westchester County, New York",2019,85499,668290,41248,128492,164937,99029,123298,66382
0500000US36121,"Wyoming County, New York",2019,3256,29033,854,11614,1908,4885,4677,864
0500000US36123,"Yates County, New York",2019,2783,16673,1565,5443,1832,2107,2336,543
Geography,Geographic Area Name,2011,Total!!Estimate!!Population 18 to 24 years,Total!!Estimate!!Population 25 years and over,Total!!Estimate!!Less than 9th grade,Total!!Estimate!!High school graduate (includes equivalency),Total!!Estimate!!Graduate or professional degree,Total!!Estimate!!High school graduate or higher,Total!!Estimate!!Population 35 to 44 years,Total!!Estimate!!Bachelor's degree or higher
0400000US36,New York,2011,1955366,12999473,7.0,27.8,14.0,88.1,2669148,35.8
0500000US36001,"Albany County, New York",2011,41170,201686,2.9,26.4,17.9,93.6,38207,40.8
0500000US36003,"Allegany County, New York",2011,7762,30495,3.5,41.4,8.7,90.3,5342,20.7
0500000US36005,"Bronx County, New York",2011,156586,847414,15.5,27.9,6.5,76.0,189190,19.5
0500000US36007,"Broome County, New York",2011,25545,133868,3.4,33.1,11.9,91.0,23002,29.1
0500000US36009,"Cattaraugus County, New York",2011,7850,53637,4.3,41.9,8.1,91.1,9748,21.2
0500000US36011,"Cayuga County, New York",2011,6919,55686,3.8,36.0,7.2,83.6,10975,19.0
0500000US36013,"Chautauqua County, New York",2011,15310,89914,3.6,36.3,9.0,87.6,16026,23.8
0500000US36015,"Chemung County, New York",2011,8197,60576,2.6,36.8,9.1,84.7,11341,23.9
0500000US36017,"Chenango County, New York",2011,3839,35116,3.5,40.0,7.0,88.6,6374,19.2
0500000US36019,"Clinton County, New York",2011,10690,55380,6.0,37.0,9.5,90.0,11299,22.0
0500000US36021,"Columbia County, New York",2011,4770,45218,2.9,31.0,13.1,86.8,7962,28.5
0500000US36023,"Cortland County, New York",2011,8711,30243,2.9,35.9,9.9,93.9,5944,25.0
0500000US36025,"Delaware County, New York",2011,4737,33786,4.0,38.5,8.3,90.6,5407,17.2
0500000US36027,"Dutchess County, New York",2011,31969,197998,3.9,29.2,14.0,90.4,41296,34.2
0500000US36029,"Erie County, New York",2011,95075,623220,3.5,29.4,13.2,91.8,116131,35.1
0500000US36031,"Essex County, New York",2011,3058,28725,3.6,34.1,10.3,88.8,5219,24.1
0500000US36033,"Franklin County, New York",2011,5205,35851,5.5,38.9,8.2,86.4,7393,18.5
0500000US36035,"Fulton County, New York",2011,4390,38628,4.9,39.2,6.0,80.5,7483,12.7
0500000US36037,"Genesee County, New York",2011,5406,41118,3.0,38.3,7.7,93.9,8077,20.6
0500000US36039,"Greene County, New York",2011,4643,34976,5.3,39.2,8.0,78.4,6442,18.9
0500000US36041,"Hamilton County, New York",2011,241,3808,4.1,35.5,12.6,88.5,553,26.9
0500000US36043,"Herkimer County, New York",2011,5693,44243,3.4,37.1,7.6,92.6,8032,18.8
0500000US36045,"Jefferson County, New York",2011,14990,71887,2.6,35.9,8.5,92.2,15086,21.3
0500000US36047,"Kings County, New York",2011,259596,1631202,11.1,28.3,11.1,86.1,342483,33.1
0500000US36049,"Lewis County, New York",2011,2204,18128,3.9,47.7,5.4,89.6,3346,12.8
0500000US36051,"Livingston County, New York",2011,9791,42300,3.3,34.3,10.2,89.3,8531,26.2
0500000US36053,"Madison County, New York",2011,9829,47179,2.6,35.0,10.0,91.3,9100,25.4
0500000US36055,"Monroe County, New York",2011,82809,489851,3.8,25.2,15.2,90.9,95712,39.6
0500000US36057,"Montgomery County, New York",2011,4097,34141,4.8,36.7,7.0,83.7,6467,18.4
0500000US36059,"Nassau County, New York",2011,111826,909176,4.9,25.1,18.4,90.1,181966,46.1
0500000US36061,"New York County, New York",2011,175739,1173112,8.4,12.9,27.7,93.4,240069,61.7
0500000US36063,"Niagara County, New York",2011,20103,148900,2.9,36.8,8.7,92.0,27827,25.5
0500000US36065,"Oneida County, New York",2011,23336,159622,5.0,33.5,8.7,87.2,30081,21.2
0500000US36067,"Onondaga County, New York",2011,51111,305869,3.1,27.3,14.2,90.6,59367,35.0
0500000US36069,"Ontario County, New York",2011,9706,73004,2.7,28.5,12.7,92.9,14174,38.7
0500000US36071,"Orange County, New York",2011,36060,233830,4.6,29.6,12.0,84.7,53954,32.6
0500000US36073,"Orleans County, New York",2011,4081,29187,4.2,40.3,5.2,86.8,5852,16.3
0500000US36075,"Oswego County, New York",2011,15090,78398,3.8,42.2,6.1,88.9,16141,16.5
0500000US36077,"Otsego County, New York",2011,10460,40092,3.7,34.6,11.5,89.9,7003,26.7
0500000US36079,"Putnam County, New York",2011,7190,68472,2.5,28.2,16.8,92.8,15404,44.2
0500000US36081,"Queens County, New York",2011,212427,1540607,10.5,28.0,10.4,86.9,328673,32.8
0500000US36083,"Rensselaer County, New York",2011,18017,106702,3.4,31.5,12.2,91.7,20930,29.4
0500000US36085,"Richmond County, New York",2011,43429,313545,5.1,33.4,11.6,91.0,66755,32.6
0500000US36087,"Rockland County, New York",2011,27272,194790,5.9,23.8,18.0,86.1,39403,44.7
0500000US36089,"St. Lawrence County, New York",2011,17210,70576,4.8,37.8,9.2,89.1,13607,20.8
0500000US36091,"Saratoga County, New York",2011,17413,151097,2.1,28.2,15.1,94.9,32877,41.4
0500000US36093,"Schenectady County, New York",2011,14099,104305,3.3,31.8,13.1,90.9,20537,31.9
0500000US36095,"Schoharie County, New York",2011,3946,22231,3.4,38.1,9.0,91.1,4059,21.8
0500000US36097,"Schuyler County, New York",2011,1442,13055,3.2,39.2,7.9,94.6,2416,17.0
0500000US36099,"Seneca County, New York",2011,3193,24483,5.1,34.4,6.8,79.4,4534,19.5
0500000US36101,"Steuben County, New York",2011,7718,67646,4.3,36.4,9.4,91.7,12530,21.4
0500000US36103,"Suffolk County, New York",2011,127527,999776,4.5,30.3,14.3,89.0,220407,35.6
0500000US36105,"Sullivan County, New York",2011,6452,53441,5.9,34.4,9.0,82.4,10659,20.8
0500000US36107,"Tioga County, New York",2011,3879,35265,2.1,38.9,9.4,91.7,6509,22.9
0500000US36109,"Tompkins County, New York",2011,27531,56996,1.7,20.8,29.0,93.7,10562,50.2
0500000US36111,"Ulster County, New York",2011,18165,127118,3.6,29.4,13.7,88.8,25183,30.6
0500000US36113,"Warren County, New York",2011,5135,46968,2.5,32.8,11.7,90.9,8521,31.2
0500000US36115,"Washington County, New York",2011,5375,44486,4.7,42.1,7.4,85.6,8971,15.4
0500000US36117,"Wayne County, New York",2011,7041,63993,3.9,35.1,8.6,87.9,13126,21.1
0500000US36119,"Westchester County, New York",2011,76213,640046,6.8,22.4,22.0,85.7,135918,49.8
0500000US36121,"Wyoming County, New York",2011,3394,29983,4.1,41.6,5.3,87.1,6254,15.5
0500000US36123,"Yates County, New York",2011,2704,16428,7.5,37.0,11.7,75.9,2711,20.1
Geography,Geographic Area Name,2022,Estimate!!Total!!AGE BY EDUCATIONAL ATTAINMENT!!Population 18 to 24 years,Estimate!!Total!!AGE BY EDUCATIONAL ATTAINMENT!!Population 25 years and over,Estimate!!Total!!AGE BY EDUCATIONAL ATTAINMENT!!Population 25 years and over!!Less than 9th grade,Estimate!!Total!!AGE BY EDUCATIONAL ATTAINMENT!!Population 25 years and over!!High school graduate (includes equivalency),Estimate!!Total!!AGE BY EDUCATIONAL ATTAINMENT!!Population 25 years and over!!Graduate or professional degree,Estimate!!Total!!AGE BY EDUCATIONAL ATTAINMENT!!Population 25 to 34 years!!High school graduate or higher,Estimate!!Total!!AGE BY EDUCATIONAL ATTAINMENT!!Population 35 to 44 years,Estimate!!Total!!AGE BY EDUCATIONAL ATTAINMENT!!Population 35 to 44 years!!Bachelor's degree or higher
0400000US36,New York,2022,1844128,14021808,846828,3494392,2405652,2648820,2544459,1151198
0500000US36001,"Albany County, New York",2022,46117,211845,6152,45925,46381,39072,37461,19056
0500000US36003,"Allegany County, New York",2022,7990,29967,1049,10197,3510,4080,4670,1188
0500000US36005,"Bronx County, New York",2022,143340,943981,118954,266547,72998,191276,184881,43047
0500000US36007,"Broome County, New York",2022,29290,131196,3877,39366,18388,20468,21013,7195
0500000US36009,"Cattaraugus County, New York",2022,6996,53128,2259,21333,4944,7260,8442,2129
0500000US36011,"Cayuga County, New York",2022,5987,55374,1878,17825,5388,8370,9061,2266
0500000US36013,"Chautauqua County, New York",2022,12194,89404,3331,30111,9648,12805,14177,4376
0500000US36015,"Chemung County, New York",2022,7050,58945,1527,20027,6533,9327,9743,2222
0500000US36017,"Chenango County, New York",2022,3465,33959,1006,13772,2879,4763,5219,978
0500000US36019,"Clinton County, New York",2022,10271,55243,1898,18175,6519,8459,9598,3119
0500000US36021,"Columbia County, New York",2022,4061,47307,1292,13845,8246,6238,6803,2471
0500000US36023,"Cortland County, New York",2022,8638,29274,1003,8983,3763,4868,4866,1568
0500000US36025,"Delaware County, New York",2022,4244,33158,868,12621,3879,4241,4453,1535
0500000US36027,"Dutchess County, New York",2022,30554,210886,6174,54195,38711,32911,35353,15320
0500000US36029,"Erie County, New York",2022,88529,671368,20057,175067,108709,124775,112869,51706
0500000US36031,"Essex County, New York",2022,2469,28930,624,9477,3941,3863,4258,1111
0500000US36033,"Franklin County, New York",2022,3980,33832,1392,11855,3341,5242,5539,1290
0500000US36035,"Fulton County, New York",2022,3981,38665,1411,13989,3019,5262,6669,1468
0500000US36037,"Genesee County, New York",2022,4585,41797,1144,15487,4045,6692,6768,2258
0500000US36039,"Greene County, New York",2022,3860,36429,1454,12729,4158,5147,5563,1838
0500000US36041,"Hamilton County, New York",2022,318,4107,105,1223,411,304,440,125
0500000US36043,"Herkimer County, New York",2022,4937,43013,1258,14760,3900,6166,6687,1654
0500000US36045,"Jefferson County, New York",2022,14916,74585,2024,24012,7624,18289,14122,4309
0500000US36047,"Kings County, New York",2022,214655,1860601,156609,461059,303276,440807,381113,187339
0500000US36049,"Lewis County, New York",2022,2098,18480,487,8025,1563,2665,2980,659
0500000US36051,"Livingston County, New York",2022,9042,41890,1049,13125,5871,5999,6756,2098
0500000US36053,"Madison County, New York",2022,9136,46161,908,15878,5784,6547,7187,2492
0500000US36055,"Monroe County, New York",2022,75797,525640,16840,120254,95936,98244,90298,42622
0500000US36057,"Montgomery County, New York",2022,3938,34309,1414,12241,2986,5189,5941,1436
0500000US36059,"Nassau County, New York",2022,121460,969981,43689,208039,213046,153338,170752,99715
0500000US36061,"New York County, New York",2022,142562,1267630,78259,155808,385349,334352,240769,163962
0500000US36063,"Niagara County, New York",2022,17574,152567,3627,48564,16949,23976,24801,8327
0500000US36065,"Oneida County, New York",2022,21930,159897,7580,48571,18902,25658,26598,8904
0500000US36067,"Onondaga County, New York",2022,48848,324436,9113,81435,54306,56767,55720,24358
0500000US36069,"Ontario County, New York",2022,10379,80008,2105,20389,13887,11549,12689,6277
0500000US36071,"Orange County, New York",2022,42865,256375,9698,72968,34356,42751,48721,17031
0500000US36073,"Orleans County, New York",2022,3125,29333,1205,11382,1787,4166,4779,1098
0500000US36075,"Oswego County, New York",2022,13291,80294,2091,29738,7017,12744,13158,3494
0500000US36077,"Otsego County, New York",2022,11176,39352,781,12301,6172,5560,5798,2240
0500000US36079,"Putnam County, New York",2022,8168,70716,2135,17775,13166,10236,11857,6082
0500000US36081,"Queens County, New York",2022,181201,1709759,174351,444621,229323,336497,323773,132332
0500000US36083,"Rensselaer County, New York",2022,16955,113385,3046,30257,16714,20689,19993,8526
0500000US36085,"Richmond County, New York",2022,41539,344639,17969,102409,48927,60975,62109,27760
0500000US36087,"Rockland County, New York",2022,31619,208539,10878,46050,39543,33802,37898,16628
0500000US36089,"St. Lawrence County, New York",2022,15501,71483,3219,25397,8194,10806,11817,3431
0500000US36091,"Saratoga County, New York",2022,19729,170815,3231,41434,33008,26943,30018,16571
0500000US36093,"Schenectady County, New York",2022,15689,109680,3440,29282,16829,19541,19868,8162
0500000US36095,"Schoharie County, New York",2022,3242,21509,528,7419,2462,2877,3154,812
0500000US36097,"Schuyler County, New York",2022,1207,13283,334,4710,1578,1696,2009,570
0500000US36099,"Seneca County, New York",2022,2508,24400,1301,7942,2103,3436,3883,1028
0500000US36101,"Steuben County, New York",2022,7045,66493,2012,23211,8642,10190,10997,3379
0500000US36103,"Suffolk County, New York",2022,140711,1067104,53658,270931,191272,169272,180573,77836
0500000US36105,"Sullivan County, New York",2022,6653,55556,3032,17242,6406,8607,9290,2516
0500000US36107,"Tioga County, New York",2022,3753,34747,742,12415,3718,4797,5539,1904
0500000US36109,"Tompkins County, New York",2022,26529,61156,1046,10421,20112,12101,11001,6928
0500000US36111,"Ulster County, New York",2022,16538,134090,3403,37960,21630,21174,21851,8269
0500000US36113,"Warren County, New York",2022,4755,49282,1202,14013,7891,7199,7317,2945
0500000US36115,"Washington County, New York",2022,4751,45270,1808,17598,3910,6688,7398,1598
0500000US36117,"Wayne County, New York",2022,6799,65234,2389,20634,6252,9578,10457,3010
0500000US36119,"Westchester County, New York",2022,88208,695064,38013,124239,182084,105428,129391,74986
0500000US36121,"Wyoming County, New York",2022,2850,29511,971,11178,2127,4375,5197,1129
0500000US36123,"Yates County, New York",2022,2530,16746,1928,5956,1639,1723,2354,515
Geography,Geographic Area Name,2021,Estimate!!Total!!AGE BY EDUCATIONAL ATTAINMENT!!Population 18 to 24 years,Estimate!!Total!!AGE BY EDUCATIONAL ATTAINMENT!!Population 25 years and over,Estimate!!Total!!AGE BY EDUCATIONAL ATTAINMENT!!Population 25 years and over!!Less than 9th grade,Estimate!!Total!!AGE BY EDUCATIONAL ATTAINMENT!!Population 25 years and over!!High school graduate (includes equivalency),Estimate!!Total!!AGE BY EDUCATIONAL ATTAINMENT!!Population 25 years and over!!Graduate or professional degree,Estimate!!Total!!AGE BY EDUCATIONAL ATTAINMENT!!Population 25 to 34 years!!High school graduate or higher,Estimate!!Total!!AGE BY EDUCATIONAL ATTAINMENT!!Population 35 to 44 years,Estimate!!Total!!AGE BY EDUCATIONAL ATTAINMENT!!Population 35 to 44 years!!Bachelor's degree or higher
0400000US36,New York,2021,1816269,14081080,842371,3553598,2370406,2669952,2545476,1127666
0500000US36001,"Albany County, New York",2021,45323,211245,5608,44863,45988,39096,36881,18581
0500000US36003,"Allegany County, New York",2021,7107,30019,1057,10579,3156,4109,4697,1143
0500000US36005,"Bronx County, New York",2021,142886,959432,121703,267253,72580,194251,188206,42759
0500000US36007,"Broome County, New York",2021,28095,131719,4148,40251,17811,20327,21028,7007
0500000US36009,"Cattaraugus County, New York",2021,6977,53033,1944,21080,4927,7359,8500,1950
0500000US36011,"Cayuga County, New York",2021,5875,55644,1864,17969,4949,8340,9096,2199
0500000US36013,"Chautauqua County, New York",2021,12169,89632,3149,31002,9276,13085,13945,3995
0500000US36015,"Chemung County, New York",2021,6755,59612,1575,20455,6572,9345,9898,2439
0500000US36017,"Chenango County, New York",2021,3482,34016,897,14001,2785,4645,5269,1079
0500000US36019,"Clinton County, New York",2021,10444,55169,1827,19428,6007,8567,9650,2780
0500000US36021,"Columbia County, New York",2021,3999,47055,1359,13856,7888,6172,6643,2328
0500000US36023,"Cortland County, New York",2021,8462,29478,880,9035,3624,4831,4873,1560
0500000US36025,"Delaware County, New York",2021,4218,33007,801,13047,3491,4068,4501,1268
0500000US36027,"Dutchess County, New York",2021,31335,208945,6139,54838,36845,32062,34795,14335
0500000US36029,"Erie County, New York",2021,85922,670059,18752,175869,105703,125197,110316,50207
0500000US36031,"Essex County, New York",2021,2522,28937,650,9713,3783,3988,4176,1259
0500000US36033,"Franklin County, New York",2021,4406,34305,1396,12979,3405,6174,5683,1142
0500000US36035,"Fulton County, New York",2021,3852,38825,1226,14303,3067,5339,6602,1343
0500000US36037,"Genesee County, New York",2021,4553,41830,887,16063,3732,6737,6706,2107
0500000US36039,"Greene County, New York",2021,4010,36124,1278,13319,4339,5092,5483,1676
0500000US36041,"Hamilton County, New York",2021,374,3985,85,1074,385,241,418,124
0500000US36043,"Herkimer County, New York",2021,5018,43007,1181,15415,3954,6114,6575,1622
0500000US36045,"Jefferson County, New York",2021,14294,74808,1958,24284,7490,18261,13926,4078
0500000US36047,"Kings County, New York",2021,213570,1876692,158254,473782,298611,448859,383827,184895
0500000US36049,"Lewis County, New York",2021,1925,18551,456,8038,1473,2719,2948,688
0500000US36051,"Livingston County, New York",2021,9131,42037,1070,12917,5761,6027,6750,2049
0500000US36053,"Madison County, New York",2021,8886,46541,938,16439,5793,6601,7301,2472
0500000US36055,"Monroe County, New York",2021,73842,525462,15807,121141,94690,97700,88609,40554
0500000US36057,"Montgomery County, New York",2021,3821,34244,1257,12202,2863,5203,5783,1338
0500000US36059,"Nassau County, New York",2021,119227,970356,42964,211529,208551,151939,169434,97448
0500000US36061,"New York County, New York",2021,146549,1280680,79510,156704,391643,343647,242873,164478
0500000US36063,"Niagara County, New York",2021,17249,152677,3691,48485,16872,24300,24157,8318
0500000US36065,"Oneida County, New York",2021,21755,160555,7236,49484,18120,25634,26382,8266
0500000US36067,"Onondaga County, New York",2021,47869,325273,8859,82746,53269,57190,55067,23238
0500000US36069,"Ontario County, New York",2021,10005,79559,1851,20288,13841,11572,12551,5908
0500000US36071,"Orange County, New York",2021,41169,254625,9094,72736,33490,42130,47724,16782
0500000US36073,"Orleans County, New York",2021,3069,29710,1084,12062,1758,4419,4649,996
0500000US36075,"Oswego County, New York",2021,12753,80360,2084,29943,7170,12550,13116,3372
0500000US36077,"Otsego County, New York",2021,9844,39686,790,12789,6211,5550,5755,2157
0500000US36079,"Putnam County, New York",2021,8026,70537,1852,18591,12787,10075,11621,5931
0500000US36081,"Queens County, New York",2021,178495,1730502,173680,461885,223589,344102,329623,130160
0500000US36083,"Rensselaer County, New York",2021,15937,113700,2890,31059,16593,20629,19843,8142
0500000US36085,"Richmond County, New York",2021,40471,344389,17431,102905,47218,60751,61972,27572
0500000US36087,"Rockland County, New York",2021,30459,209115,10341,46259,39530,33767,37658,15944
0500000US36089,"St. Lawrence County, New York",2021,14810,71971,3050,25640,8334,10936,11894,3376
0500000US36091,"Saratoga County, New York",2021,18822,169377,3264,40688,32362,26662,29507,16126
0500000US36093,"Schenectady County, New York",2021,13950,109234,3330,29584,16194,19352,19756,7749
0500000US36095,"Schoharie County, New York",2021,3101,21494,542,7817,2127,2835,3133,727
0500000US36097,"Schuyler County, New York",2021,1189,13296,387,4650,1490,1695,1986,624
0500000US36099,"Seneca County, New York",2021,2581,24507,1295,8166,2193,3666,3862,1018
0500000US36101,"Steuben County, New York",2021,6938,66770,1920,23375,8540,10097,11018,3530
0500000US36103,"Suffolk County, New York",2021,135922,1064835,51964,274855,186736,166149,180085,76723
0500000US36105,"Sullivan County, New York",2021,6201,55324,3005,17906,6426,8332,9006,2108
0500000US36107,"Tioga County, New York",2021,3686,34740,688,12438,3507,4900,5546,1794
0500000US36109,"Tompkins County, New York",2021,28299,62148,1138,10847,19288,12370,11214,6907
0500000US36111,"Ulster County, New York",2021,16282,133449,3306,37702,21271,20463,21648,7925
0500000US36113,"Warren County, New York",2021,4466,49287,1186,13854,7892,7066,7382,2807
0500000US36115,"Washington County, New York",2021,4805,45104,1725,17596,3883,6662,7368,1618
0500000US36117,"Wayne County, New York",2021,6710,65000,2248,21139,6214,9491,10346,2898
0500000US36119,"Westchester County, New York",2021,86844,693253,39209,127801,178589,103945,128778,72438
0500000US36121,"Wyoming County, New York",2021,2918,29604,947,11187,2061,4698,5101,1114
0500000US36123,"Yates County, New York",2021,2615,16550,1664,5693,1709,1869,2336,495
Geography,Geographic Area Name,2020,Estimate!!Total!!AGE BY EDUCATIONAL ATTAINMENT!!Population 18 to 24 years,Estimate!!Total!!AGE BY EDUCATIONAL ATTAINMENT!!Population 25 years and over,Estimate!!Total!!AGE BY EDUCATIONAL ATTAINMENT!!Population 25 years and over!!Less than 9th grade,Estimate!!Total!!AGE BY EDUCATIONAL ATTAINMENT!!Population 25 years and over!!High school graduate (includes equivalency),Estimate!!Total!!AGE BY EDUCATIONAL ATTAINMENT!!Population 25 years and over!!Graduate or professional degree,Estimate!!Total!!AGE BY EDUCATIONAL ATTAINMENT!!Population 25 to 34 years!!High school graduate or higher,Estimate!!Total!!AGE BY EDUCATIONAL ATTAINMENT!!Population 35 to 44 years,Estimate!!Total!!AGE BY EDUCATIONAL ATTAINMENT!!Population 35 to 44 years!!Bachelor's degree or higher
0400000US36,New York,2020,1794550,13649157,820567,3474389,2257862,2621956,2428957,1057479
0500000US36001,"Albany County, New York",2020,44608,205082,5509,44733,43936,38180,35103,17308
0500000US36003,"Allegany County, New York",2020,7182,29906,932,10573,3315,4262,4644,1248
0500000US36005,"Bronx County, New York",2020,142191,930184,120351,257988,68779,190901,180420,40506
0500000US36007,"Broome County, New York",2020,27307,127556,3881,39590,16755,19684,19910,6380
0500000US36009,"Cattaraugus County, New York",2020,6966,52725,1850,20642,5208,7568,8279,1811
0500000US36011,"Cayuga County, New York",2020,6202,55612,1779,18394,4681,8347,9028,2194
0500000US36013,"Chautauqua County, New York",2020,12201,89393,3255,30901,9008,13455,13499,3579
0500000US36015,"Chemung County, New York",2020,6813,59312,1671,20543,6421,9496,9813,2495
0500000US36017,"Chenango County, New York",2020,3540,34132,960,13734,2903,4681,5168,1138
0500000US36019,"Clinton County, New York",2020,10693,55208,1853,20050,6036,8828,9361,2623
0500000US36021,"Columbia County, New York",2020,3941,45705,1407,13377,7355,5992,6345,2263
0500000US36023,"Cortland County, New York",2020,8667,29953,806,9339,3648,5025,4810,1454
0500000US36025,"Delaware County, New York",2020,4369,32831,867,12881,3371,4122,4240,1090
0500000US36027,"Dutchess County, New York",2020,31565,206608,6304,54492,35148,31628,33827,13312
0500000US36029,"Erie County, New York",2020,84327,647994,17256,173898,99701,122640,103352,46296
0500000US36031,"Essex County, New York",2020,2546,28740,712,9160,3815,3880,4136,1226
0500000US36033,"Franklin County, New York",2020,5080,35561,1574,13326,3596,5950,6147,1188
0500000US36035,"Fulton County, New York",2020,4056,38599,1025,13999,3243,5594,6396,1200
0500000US36037,"Genesee County, New York",2020,4528,41355,906,15587,3705,6762,6382,1815
0500000US36039,"Greene County, New York",2020,4011,35517,1317,13413,4089,4866,5261,1625
0500000US36041,"Hamilton County, New York",2020,369,3485,57,982,344,242,374,93
0500000US36043,"Herkimer County, New York",2020,5296,43732,1388,16076,3947,6404,6552,1584
0500000US36045,"Jefferson County, New York",2020,13748,70896,1939,24464,6477,17749,12840,3400
0500000US36047,"Kings County, New York",2020,207966,1780524,151188,449299,277022,431900,358560,166135
0500000US36049,"Lewis County, New York",2020,2022,18375,493,8174,1445,2735,2873,561
0500000US36051,"Livingston County, New York",2020,9456,42562,971,13769,5421,6219,6643,1880
0500000US36053,"Madison County, New York",2020,9332,48061,1046,16676,5679,6921,7370,2520
0500000US36055,"Monroe County, New York",2020,73604,514795,15583,118724,91057,97039,84636,38410
0500000US36057,"Montgomery County, New York",2020,3792,34193,1523,11998,2740,5170,5696,1294
0500000US36059,"Nassau County, New York",2020,118047,945100,43527,208048,199687,147287,162660,91695
0500000US36061,"New York County, New York",2020,145611,1250303,82228,152846,381322,345485,233553,159305
0500000US36063,"Niagara County, New York",2020,17092,150950,3401,48828,16401,24542,23266,7792
0500000US36065,"Oneida County, New York",2020,21671,158727,6702,48928,18250,25839,25490,8284
0500000US36067,"Onondaga County, New York",2020,46936,316302,8880,80358,50687,56639,52150,21908
0500000US36069,"Ontario County, New York",2020,9904,77782,1807,20342,12595,11367,12022,5627
0500000US36071,"Orange County, New York",2020,39950,244598,9124,69904,31966,40624,45217,15876
0500000US36073,"Orleans County, New York",2020,3147,29626,1106,12004,1687,4640,4566,981
0500000US36075,"Oswego County, New York",2020,12741,80077,2055,30021,7086,12627,12828,3273
0500000US36077,"Otsego County, New York",2020,10051,40044,791,12289,6132,5700,5714,2192
0500000US36079,"Putnam County, New York",2020,8310,70813,2037,18672,12602,10095,11480,5794
0500000US36081,"Queens County, New York",2020,173423,1640266,162867,440783,208784,334395,311013,121015
0500000US36083,"Rensselaer County, New York",2020,15955,112000,2894,30747,15573,20864,19080,7992
0500000US36085,"Richmond County, New York",2020,39466,332149,16521,98711,45528,58642,59323,26414
0500000US36087,"Rockland County, New York",2020,29701,203609,10789,44649,38666,32957,35975,15139
0500000US36089,"St. Lawrence County, New York",2020,14906,71681,2963,25840,8545,10963,11697,3513
0500000US36091,"Saratoga County, New York",2020,18725,164817,3163,40019,30972,26362,28441,15115
0500000US36093,"Schenectady County, New York",2020,14023,107534,3317,30589,15124,19286,19013,7160
0500000US36095,"Schoharie County, New York",2020,3288,22383,578,8110,2281,2986,3232,866
0500000US36097,"Schuyler County, New York",2020,1220,13219,331,4579,1378,1794,1903,526
0500000US36099,"Seneca County, New York",2020,2756,24681,1237,8473,2307,3690,3863,957
0500000US36101,"Steuben County, New York",2020,7205,67942,1989,24086,8233,10285,11139,3372
0500000US36103,"Suffolk County, New York",2020,133732,1033886,49400,272457,175241,161508,174063,72845
0500000US36105,"Sullivan County, New York",2020,6002,53315,2708,17230,6350,8278,8349,1951
0500000US36107,"Tioga County, New York",2020,3614,34722,653,12466,3583,4825,5443,1816
0500000US36109,"Tompkins County, New York",2020,27167,60001,1077,11102,17779,12304,10675,6431
0500000US36111,"Ulster County, New York",2020,16331,130502,3700,37604,20090,20364,20689,7283
0500000US36113,"Warren County, New York",2020,4506,48041,1057,14178,7234,7123,6872,2538
0500000US36115,"Washington County, New York",2020,4981,44788,2013,17699,3849,6711,7232,1485
0500000US36117,"Wayne County, New York",2020,6854,63950,2318,20971,6356,9308,9979,2616
0500000US36119,"Westchester County, New York",2020,85113,670717,38766,127493,168990,101121,123274,67675
0500000US36121,"Wyoming County, New York",2020,3023,29401,674,11795,2023,5073,4757,936
0500000US36123,"Yates County, New York",2020,2721,16635,1491,5786,1716,2032,2334,479
